check,status,fg,bg,ratio,required,nodes_affected,min_size_pt,examples,node_evidence,notes
contrast,ACCEPTED-LIMITATION,#8A8A8E,#FFFFFF,3.44,4.5,102,10,"09:15; ♥ Excited, Calm",578:1210,"inkSecondary on card — documented owner ruling 2026-07-12 (DESIGN.md §New Look): kept 1:1 with Figma; compliant alt ~#6C6C70"
contrast,ACCEPTED-LIMITATION,#8A8A8E,#EFF2EB,3.04,4.5,12,12,"S; T",I578:1182;155:31,"inkSecondary on screen — same 2026-07-12 ruling"
contrast,ACCEPTED-LIMITATION,#54B492,#FFFFFF,2.52,4.5,14,15,"+; ⌃; Save",578:1496,"selection green as text — documented owner ruling 2026-07-16"
contrast,ACCEPTED-LIMITATION,#FFFFFF,#54B492,2.52,4.5,12,13,"Good; 8 h",578:1605,"white label on selection chip — same 2026-07-16 ruling (onSelection dark-mode side fixed in code)"
contrast,ACCEPTED-EXTENSION,#8A8A8E,#CDE3D7,2.55,4.5,2,13,"·; ⌃",578:1194,"inkSecondary on GREAT-tint band — extended under the 2026-07-12 ruling (owner accepted audit judgment 2026-07-18); fix would need 34% darker gray, breaking Figma-1:1; re-eyeball ⌃/⌄ chevrons in device QA"
contrast,ACCEPTED-EXTENSION,#8A8A8E,#C1D9C7,2.30,4.5,2,13,"·; ⌄",578:1351,"inkSecondary on selected-day tint band — same extension"
contrast,ACCEPTED-EXTENSION,#8A8A8E,#ECEAE6,2.86,4.5,1,14,"· 17:42",578:4054,"inkSecondary on a08 banner well — same extension"
contrast,FIXED,#6B4E8F,#C1D9C7,4.51,4.5,1,13,Concerta,578:1376,"FIXED 2026-07-18: new accent/medicationText #6B4E8F (was #7E5CA8 @3.53) — extends the R09 darker-word-color precedent; verified 4.51"
contrast,FIXED,#6B4E8F,#ECEAE6,5.62,4.5,4,10,ACTIVE,578:1179,"FIXED 2026-07-18: accent/medicationText #6B4E8F (was #7E5CA8 @4.39); verified 5.62"
contrast,FIXED,#D54037,#FFFFFF,4.55,4.5,3,15,"Delete recording; Clear Medication; Clear All Data",578:1481,"FIXED 2026-07-18: ink/destructive retinted #E0443A→#D54037 (5% darker) + 1 raw stroke bound; verified 4.55 on all 3 texts"
contrast,ACCEPTED-LIMITATION,#FFFFFF,#2E8B57,4.25,4.5,2,12,"13%; Great",578:3715,"accepted 2026-07-18: #2E8B57 is the mood-5 ramp value — the one color canvas/code/DESIGN.md all agree on — and the bubble % values repeat in the legend"
contrast,PASS,#1C1B1F,#FFFFFF,17.13,4.5,~160,10,-,-,"ink/primary everywhere — excellent"
contrast,PASS,#5566A6,#FFFFFF,5.47,4.5,3,13,7h sleep,-,"sleepIndigo passes"
contrast,PASS,#7E5CA8,#FFFFFF,5.27,4.5,14,10,Concerta,-,"medication on card passes"
contrast-summary,-,-,-,-,-,"resolved 2026-07-18","-","-","-","Of 155 AA failures: 140 = documented owner rulings (unchanged), 15 audited-new → 8 FIXED (medication ×5 via accent/medicationText #6B4E8F; destructive ×3 via ink/destructive #D54037), 7 ACCEPTED (inkSecondary tints/well ×5 as ruling extension; white-on-mood-5 ×2 for ramp consistency). All fixes verified by re-scan. Remaining fail count: 147/342, all documented-accepted"
dark-mode,PARTIALLY-FIXED,-,-,-,-,755 bound uses,-,-,tokens-variables.csv,"FIXED 2026-07-18: Dark mode added to Tiimo Colors — 8 documented values set (screen/card/inkPrimary/inkSecondary/hairline/tintNeutral/selection/medication); 19 vars have NO documented dark and were left as light-copies (flagged: ink/tertiary, ink/destructive, accent/purple, tints, bars, medicationText) — deriving them is design work, owner-gated"
min-text-size,WARN,-,-,-,-,25,10,"MOOD; MORNING; ACTIVE","typography-usage 10pt rows","10pt micro-labels sit below the iOS ~11pt legibility floor; caps+tracking mitigates but Dynamic Type must be verified in code"
touch-target,WARN(heuristic),-,-,-,-,~37 interactive,-,"more 30×30; emotion chips 36×36; sleep/dose pills 28pt tall; buttons 64×28","578:1211; 578:1502; 578:1598","Figma frame ≠ hit area — SwiftUI can extend via contentShape/padding; verify 44×44pt effective targets in code. Day-card 18px signal chips excluded (display-only)"
dynamic-type,NOT-TESTABLE,-,-,-,-,-,-,-,-,"Figma cannot encode Dynamic Type; DESIGN.md mandates UIFontMetrics scaling — verify on device"
