component,variant,instances_on_a_screens,example_node_ids,source
Glyph/Bolt,Level=3,7,339:1812 472:1049,local file (other page)
Glyph/Sprout,Level=4,7,472:990 472:1006,local file (other page)
Week Day,State=Default,6,308:1950 308:1952,local file (other page)
Glyph/Aperture,Level=3,6,339:1815 339:1822,local file (other page)
Status Bar,,6,335:905 447:872,local file (other page)
Glyph/Aperture,Level=4,6,472:1093 472:1108,local file (other page)
Glyph/Bolt,Level=2,4,339:1819 472:1056,local file (other page)
Glyph/Sprout,Level=3,3,472:999 472:1020,local file (other page)
Glyph/empty,,3,472:1043 472:1087,local file (other page)
NewLook / CrescentRing,,2,448:865 448:867,local component on Screens (v2)
Glyph/Bolt,Level=4,2,472:1076 474:1115,local file (other page)
Day Title,,1,308:1948,local file (other page)
Icon/chevron-right,,1,I308:1948;155:458,local file (other page)
Week Day,State=Selected,1,308:1951,local file (other page)
Environment / Moon,,1,308:1615,local file (other page)
Icon/thermometer,,1,308:1629,local file (other page)
Icon/trash,,1,308:1651,local file (other page)
Glyph/Sprout,Level=5,1,472:1034,local file (other page)
Glyph/Aperture,Level=2,1,472:1122,local file (other page)
Glyph/bed,,1,472:1146,local file (other page)
