rule_id,category,rule,evidence
R01,font system,"Inter is the UI face — 342 of 342 text nodes (Fraunces eliminated 2026-07-18: 'Monday' node + Tiimo/Display/Day-40 style converted to Inter Semi Bold). SF Pro cannot be applied via Figma's server rendering (all 4 SF families lay out at width 0 vs Inter 139px, verified 2026-07-18) — Inter is the working stand-in; SF Pro is the production target (see production_font column in text-styles/typography-usage)","typography-usage.csv; empirical SF width test this session"
R02,font system,"Weight hierarchy: Regular for body/data, Semi Bold for titles/emphasis, Bold only at 24pt screen titles, Light only for oversized +/chevron glyphs","typography-usage.csv weight distribution"
R03,font system,"Type ramp in use: 10 / 11 / 12 / 13 / 14 / 15 / 16 / 17 / 21 / 24 / 26 / 40 pt; 13pt is the workhorse (Tiimo/Body/Small-13, 84 styled nodes)","typography-usage.csv size counts"
R04,font system,"Uppercase micro-labels (MOOD ENERGY MORNING) are 10pt Regular +0.6px tracking; caps headers 13pt Semi Bold +1.3px tracking; weekday letters 11-13pt Semi Bold +0.5px","Tiimo/Label/Micro-10 Caps-13 Day-13 rows"
R05,color,"Ink system: #1C1B1F primary text (162 text uses), #8A8A8E secondary (125), #B9B6B1 tertiary, #FFFFFF text-on-color","color-usage.csv; ink/* bindings 201/154/1"
R06,color,"Surfaces: screen bg #EFF2EB (surface/screen ×8 = all 8 screens), cards #FFFFFF (surface/card ×156), neutral wells #ECEAE6 (tint/neutral ×16)","tokens-variables.csv bound counts; color-usage.csv"
R07,color,"Cards are outlined + shadowed: 1px hairline #DBDDDE (border/hairline ×118) plus two-layer shadow (#000@5% 0/2/8 + #000@3% 0/1/2 — Tiimo/Shadow/Card, ×37 nodes)","effects.csv; color-usage.csv stroke counts"
R08,color,"Accents: selection green #54B492 (×45), medication purple #7E5CA8 (×58, with linear gradient #7E5CA8→#AF99C3 on dose bars), destructive red #E0443A, sleep indigo #5566A6","color-usage.csv; accent/* bindings"
R09,signal ramps,"Mood ramp 5-step orange→green (#DA7A2A #EDA94A #9FCB79 #5FB36E #2E8B57); word colors darker for text contrast (#8E470F #8A5600 #41691F #2C6B3B #1E5C38)","Squirl Tokens color/mood/*; word colors used on Okay/Good/Great titles"
R10,signal ramps,"Energy ramp 5-step olive→yellow (#7C6E2E #A89236 #D2BB40 #EEDA4C #FCEE64); Focus ramp 5-step slate→sky (#44546E #4E6F94 #5889BA #63A4E0 #79C4FF)","Squirl Tokens color/energy/* color/focus/*"
R11,signal ramps,"Ramp badges use the ramp color at 18% opacity as fill; hand-drawn chart strokes step ramp colors through 0.5-0.95 opacity","color-usage.csv @0.18 badge rows and Vector opacity rows"
R12,radius,"Radius tiers: 14 = fields/pills (×91, a03 form), 18 = chips (×17), 20 = cards (radius/card token, all ×40 bound, 160 corner-bindings), 22 = badges/avatars (×19), 999 = pill (radius/pill token)","spacing-layout.csv corner_radius; node names field/pill/chip/badge"
R13,spacing,"Gap scale 4/6/8/12 dominates item spacing; card padding 14 all around; chip padding 5/10; button padding 14/28","spacing-layout.csv"
R14,layout,"8 screens, all 390pt wide, laid out left-to-right a01→a08 at 436pt pitch (y=4420 row on Screens (v2)); zero raster images — everything is vector","screens.csv; assets.csv IMAGE_FILL 0"
R15,components,"Signal glyphs are leveled variant components (Glyph/Sprout|Bolt|Aperture Level=2..5 + Glyph/empty + Glyph/bed) — 41 of 61 instances","components.csv"
R16,tokens,"Working token set is Tiimo Colors (ink/surface/border/accent/radius); Squirl Tokens contribute only signal ramps + sleepIndigo; Structured Colors unused here","tokens-variables.csv bound_uses column"
R17,resolved,"RESOLVED 2026-07-18: the lone Fraunces 'Monday' (a01 Day Title instance, v3 I578:1180;155:456 / v2 I308:1948;155:456) swapped to Inter Semi Bold 40/46; the Tiimo/Display/Day-40 style itself converted Fraunces→Inter and re-applied so the node stays style-linked. Screens now 100% Inter. NB: unused styles Tiimo/Display/Header-26 & Stat-44 remain Fraunces but have 0 uses on a01-a08","use_figma mutation this session; typography-usage.csv (no Fraunces row)"
R18,inconsistency,"FLAG: Squirl Tokens surface/text/accent variables (color/bg/* color/text/* color/accent) have 0 bindings on a01-a08 — screens bind Tiimo Colors surfaces/inks instead","tokens-variables.csv rows with 0 bound uses"
R19,partially-resolved,"RESOLVED (radius/card) 2026-07-18: 19 unbound radius-20 cards on a07/a08 bound to radius/card — all 40 in-scope radius-20 nodes now tokenized (160 corner-bindings; note NEXTDAY estimated 4, actual was 19). STILL OPEN: 14/18/22 tiers untokenized — proposed radius/field=14 (×91), radius/chip=18 (×17), radius/badge=22 (×19); deferred pending DS/code token alignment (non-visual but adds DS vocabulary)","spacing-layout.csv; use_figma bind this session"
R20,partially-resolved,"IN PROGRESS 2026-07-18: created 3 new styles (Tiimo/Label/Weekday-11, Tiimo/Number/Time-16, Tiimo/Label/Small-12) and applied styles to 47 exact-match (non-visual) nodes → coverage 48.8%→62.9% (215/342 styled). STILL OPEN: ~76 approximate matches differ only in line-height (AUTO vs explicit px) so applying shifts layout (QA-gated); ~30 Semi-Bold-17-AUTO/Regular-15-AUTO match only non-canon type/* styles; ~22 no-match (Light-16 +/⌃ glyphs, Semi-Bold-12 %-labels, ‹ chevron)","typography-usage.csv text_style column; use_figma apply this session"
R21,partially-resolved,"RESOLVED (#000000 text) 2026-07-18: a02 'Took my Concerta…' (v3 578:1468 / v2 308:1639) was already bound to ink/primary but its stale paint fallback read #000000 (what the extractor picked up) — fallback synced to #1C1B1F. Lesson: color-usage reads paint.color fallback, so bound paints can masquerade as stray hexes. STILL OPEN (cosmetic, deferred): #8E8E93@0.3 stroke drift from #8A8A8E gray; 2 invisible #2E8B57@0 avatar fills left intentionally","color-usage.csv; use_figma this session"
R22,partially-resolved,"RESOLVED (ramps/sleep/tertiary) 2026-07-18: 206 raw paints bound to existing vars (15 ramp values + sleepIndigo + ink/tertiary, opacity preserved, non-visual) + 1 destructive stroke → tokenization 70%→88.5% (992/1121). STILL OPEN: 36 pure #000000 icon glyphs (binding to ink/primary shifts #000→#1C1B1F, visible — deferred) and 56 raw #FFFFFF (semantic ambiguity: text-on-color vs surface — deferred)","token-consistency-audit.csv; use_figma bind pass + re-scan this session"
R23,token-audit,"FLAG: color drift — #FCE519 vs #FCE719 (dist 2.0, visually identical → collapse), #222325 vs #1C1B1F near-black (collapse to ink/primary), #8E8E93 vs #8A8A8E gray (R21), #ECEAE6 vs #EFF2EB (verify distinct roles)","token-consistency-audit.csv; color-usage.csv"
R24,token-audit,"FLAG: only radius/card(20)+radius/pill(999) tokenized of ~11 radius values; tiers 14/18/22 untokenized (R19); drift r=9.5(×8 from 10) r=15(×3 from 16); circular one-offs 37–54 (verify=half-size). Spacing is 100% hardcoded — gap scale 4/6/8/10/12 has ZERO variables; off-grid gap 2.5(×3 fractional), 7(×22), 9(×3)","token-consistency-audit.csv; spacing-layout.csv"
R25,token-audit,"FLAG: type off-ramp sizes 14pt(×2) & 21pt(×1) break the 10/11/12/13/15/16/17/24/26/40 ramp; 9 one-off unstyled signatures; ~76 nodes differ from a Tiimo style only by AUTO-vs-explicit line-height; 127/342 still unstyled (R20)","token-consistency-audit.csv; typography-usage.csv"
R26,resolved,"RESOLVED 2026-07-18 (owner accepted audit judgment): of 15 audited-new AA failures, 8 FIXED — medication text ×5 → new accent/medicationText #6B4E8F (verified 5.62/4.51), destructive ×3 → ink/destructive retinted #D54037 (verified 4.55); 7 ACCEPTED — inkSecondary on tints/well ×5 (extends the 2026-07-12 ruling; fix needed 34% darker gray), white-on-mood-5 ×2 (ramp is three-way consistent; legend redundant). Remaining AA fails: 147/342, all documented-accepted. Open follow-ups: code side (Theme.danger retint + medication text role); 10pt micro-text ×25; sub-44pt targets heuristic","accessibility-audit.csv; verified re-scan this session"
R27,partially-resolved,"RESOLVED 2026-07-18: DESIGN.md §Signal ramps corrected to the shipped Palette+Signals.swift hexes (+Decisions Log row); crescent gradient mid #97C2A0→#96C19F fixed on both v3 instances AND the master component 448:863 — canvas now code-exact. STILL OPEN: 2 a07 gated cards carry a hairline stroke vs 'borderless' spec (verify locked-state intent on device); spacing-scale decision (canvas 6/10 vs documented base-8) still gates spacing tokens","design-conformance-audit.csv; DESIGN.md edit + use_figma this session"
R28,partially-resolved,"RESOLVED (documented set) 2026-07-18: Dark mode added to Tiimo Colors; 8 documented values set (surface/screen #12140F, surface/card #1C1E19, ink/primary #F2F3EE, ink/secondary #9BA09A, border/hairline #33362F, tint/neutral #272A22, accent/selection #5FC49F, accent/medication #957BC1). STILL OPEN: 19 vars have no documented dark and hold light-copies (ink/tertiary, ink/destructive #D54037, accent/purple, medicationText, tints, bars…) — deriving darks is a design decision, owner-gated","tokens-variables.csv value_dark; use_figma addMode this session"
