dimension,finding,occurrences,tokenized,severity,recommendation
color,Overall solid-paint tokenization,785 of 1121 bound (70%),partial,info,"336 paints hardcoded; ramp/chart colors are the bulk"
color,Signal ramp colors used raw in charts/badges (mood/energy/focus),~190 unbound,no,med,"bind fills/strokes to Squirl color/mood|energy|focus ramp variables (base color; keep per-paint opacity)"
color,Pure #000000 icon-glyph fills,36,no,med,"bind to ink/primary or add an icon/default token — glyphs should not be raw black"
color,Raw #FFFFFF surfaces,56 of 212,partial,low,"bind remaining whites to surface/card"
color,#B9B6B1 tertiary ink,13 of 14 unbound,partial,med,"ink/tertiary EXISTS (1 bound use) — bind the other 13 raw paints (also fails AA at 2.02, see accessibility)"
color-drift,#FCE519 vs #FCE719 (energy yellow),2,-,high,"RGB dist 2.0 — visually identical; collapse to one energy token"
color-drift,#222325 vs #1C1B1F (near-black),2,-,med,"collapse near-black to ink/primary"
color-drift,#8E8E93@0.3 vs #8A8A8E (gray),3,-,med,"normalize stray gray strokes to ink/secondary (R21 open)"
color-drift,#ECEAE6 (well) vs #EFF2EB (screen),-,-,low,"distinct roles (tint/neutral vs surface/screen) — verify intentional, not drift"
radius,Only radius/card (20) + radius/pill (999) tokenized,2 of ~11 values,partial,info,"9 distinct radius values sit outside tokens"
radius,Tier 14 = fields/pills,91,no,med,"add radius/field=14 (R19 proposal)"
radius,Tier 18 = chips,17,no,med,"add radius/chip=18 (R19 proposal)"
radius,Tier 22 = badges/avatars,19,no,med,"add radius/badge=22 (R19 proposal)"
radius-drift,r=9.5,8,no,low,"fractional — drift from 10; normalize"
radius-drift,r=15,3,no,low,"drift from 16; normalize"
radius,r=12 and r=16 misc,14,no,low,"consolidate or tokenize"
radius,Circular one-offs r=37/39/41/44/51.5/54,6,no,info,"continuous radii on avatars/rings — not tokenizable; verify each = half the element size"
spacing,Gap scale (4/6/8/10/12) has ZERO variables,dominant scale,no,med,"introduce spacing/* tokens — spacing is entirely hardcoded"
spacing-gap,Fractional gap 2.5,3,no,med,"non-grid fractional value — normalize to 2 or 4"
spacing-gap,Gap 7 (off even scale),22,no,low,"frequent but off 4/6/8/10/12 — adopt 7 into scale or normalize to 6/8"
spacing-gap,Gap 9,3,no,low,"normalize to 8 or 10"
spacing-gap,Micro gaps 1/2/3/5,19,no,low,"consolidate hairline gaps"
spacing-gap,Large one-offs 16/22/24,7,no,low,"verify against a 12/24 rhythm"
type,Off-ramp size 14pt,2,-,med,"14pt off the 10/11/12/13/15/16/17 ramp ('Concerta 36 mg logged', '· 17:42') — normalize to 13 or 15"
type,Off-ramp size 21pt,1,-,med,"21pt back-chevron '‹' — normalize to 20 or use an icon"
type,One-off unstyled signatures,9,no,low,"consolidate to existing/new Tiimo styles (R20)"
type,AUTO vs explicit line-height mismatch,~76,-,med,"AUTO-lineheight nodes can't match explicit-px Tiimo styles — pick canonical lh per size (R20)"
type,Unstyled text remainder,127 of 342,no,med,"style coverage 62.9%; raise toward ~95% (R20)"
