family,weight,production_font,size_pt,line_height,letter_spacing,color_hex,text_style,usage_count,examples
Inter,Regular,SF Pro Regular,13,18px,0px,#1C1B1F,Tiimo/Body/Small-13,55,"Charged; Sharp"
Inter,Regular,SF Pro Regular,13,18px,0px,#8A8A8E,Tiimo/Body/Small-13,22,"09:15; ♥ Excited, Calm"
Inter,Semi Bold,SF Pro Semibold,11,AUTO,0.5px,#8A8A8E,Tiimo/Label/Weekday-11,21,"Mo; Tu"
Inter,Regular,SF Pro Regular,13,AUTO,0%,#8A8A8E,,21,"July · today vs your usual; 24 check-ins"
Inter,Regular,SF Pro Regular,13,AUTO,0%,#1C1B1F,,16,"MAY 2026; JUN 2026"
Inter,Semi Bold,SF Pro Semibold,17,AUTO,0%,#1C1B1F,,15,"Your overall check-in breakd; Your month in three signals"
Inter,Regular,SF Pro Regular,15,AUTO,0%,#1C1B1F,,14,"Voice Transcription; Storage"
Inter,Semi Bold,SF Pro Semibold,17,22px,0%,#1C1B1F,Tiimo/Body/Title-17,14,"GREAT; CHARGED"
Inter,Regular,SF Pro Regular,10,AUTO,0.6px,#8A8A8E,,12,"MORNING; AFTERNOON"
Inter,Regular,SF Pro Regular,11,AUTO,0%,#8A8A8E,,12,"Okay; Good"
Inter,Semi Bold,SF Pro Semibold,15,20px,0px,#1C1B1F,Tiimo/Body/Strong-15,12,"09:15 · Concerta 36mg; Concerta 36mg · taken at 09:"
Inter,Regular,SF Pro Regular,10,12px,0.6px,#8A8A8E,Tiimo/Label/Micro-10,9,"MOOD; ENERGY"
Inter,Regular,SF Pro Regular,13,18px,0px,#FFFFFF,Tiimo/Body/Small-13,9,"Good; 8 h"
Inter,Light,SF Pro Light,16,AUTO,0%,#54B492,,8,"+; ⌃"
Inter,Semi Bold,SF Pro Semibold,12,AUTO,0%,#1C1B1F,,7,"8%; 17%"
Inter,Semi Bold,SF Pro Semibold,13,16px,0.5px,#8A8A8E,Tiimo/Label/Day-13,6,"S; T"
Inter,Semi Bold,SF Pro Semibold,16,AUTO,0%,#1C1B1F,Tiimo/Number/Time-16,6,"22:52"
Inter,Regular,SF Pro Regular,26,30px,0%,#8A8A8E,Tiimo/Number/Day-26,6,"28; 30"
Inter,Regular,SF Pro Regular,13,AUTO,0%,#FFFFFF,,5,"JUL 2026; Relaxed · 10 s"
Inter,Regular,SF Pro Regular,10,12px,0.6px,#7E5CA8,Tiimo/Label/Micro-10,4,"ACTIVE"
Inter,Regular,SF Pro Regular,12,AUTO,0%,#1C1B1F,Tiimo/Label/Small-12,4,"Low; Flat"
Inter,Regular,SF Pro Regular,12,AUTO,0%,#8A8A8E,Tiimo/Label/Small-12,4,"between Okay & Good; between Tired & Steady"
Inter,Regular,SF Pro Regular,13,18px,0px,#7E5CA8,Tiimo/Body/Small-13,4,"Concerta"
Inter,Semi Bold,SF Pro Semibold,15,AUTO,0%,#1C1B1F,,4,"Mood; Energy"
Inter,Bold,SF Pro Bold,24,30px,0px,#1C1B1F,Tiimo/Display/Title-24,4,"Edit check-in; How do you feel?"
Inter,Regular,SF Pro Regular,11,14px,0.5px,#8A8A8E,Tiimo/Label/Caption-11,3,"Date; Time"
Inter,Regular,SF Pro Regular,13,18px,0px,#5566A6,Tiimo/Body/Small-13,3,"7h sleep"
Inter,Semi Bold,SF Pro Semibold,13,16px,1.3px,#1C1B1F,Tiimo/Label/Caps-13,3,"JUN 2026; MON"
Inter,Semi Bold,SF Pro Semibold,13,16px,1.3px,#8A8A8E,Tiimo/Label/Caps-13,3,"·; MON · JUN 29"
Inter,Regular,SF Pro Regular,15,20px,0%,#8A8A8E,Tiimo/Body/Meta-15,3,"Mon · 09:15 · 2:34; 2:34"
Inter,Semi Bold,SF Pro Semibold,15,20px,0px,#54B492,Tiimo/Body/Strong-15,3,"Good; Charged"
Inter,Semi Bold,SF Pro Semibold,15,20px,0px,#FFFFFF,Tiimo/Body/Strong-15,3,"Speak check-in; Stop & save"
Inter,Light,SF Pro Light,16,AUTO,0%,#7E5CA8,,2,"+; ⌃"
Inter,Semi Bold,SF Pro Semibold,16,AUTO,0%,#8A8A8E,Tiimo/Number/Time-16,2,"⌃; ⌄"
Inter,Bold,SF Pro Bold,24,30px,0px,#1E5C38,Tiimo/Display/Title-24,2,"Great"
Inter,Bold,SF Pro Bold,24,AUTO,0%,#1C1B1F,,2,"Insights; Settings"
Inter,Regular,SF Pro Regular,26,30px,0%,#1C1B1F,Tiimo/Number/Day-26,2,"29; 0:07"
Inter,Regular,SF Pro Regular,12,AUTO,0%,#FFFFFF,Tiimo/Label/Small-12,1,"Great"
Inter,Semi Bold,SF Pro Semibold,12,AUTO,0%,#FFFFFF,,1,"13%"
Inter,Semi Bold,SF Pro Semibold,13,16px,0.5px,#1C1B1F,Tiimo/Label/Day-13,1,"M"
Inter,Semi Bold,SF Pro Semibold,13,16px,1.3px,#1E5C38,Tiimo/Label/Caps-13,1,"GREAT"
Inter,Semi Bold,SF Pro Semibold,13,AUTO,1.3px,#1C1B1F,,1,"CONNECTIONS"
Inter,Semi Bold,SF Pro Semibold,13,AUTO,0%,#1C1B1F,,1,"75%"
Inter,Regular,SF Pro Regular,14,AUTO,0%,#8A8A8E,,1,"· 17:42"
Inter,Semi Bold,SF Pro Semibold,14,AUTO,0%,#1C1B1F,,1,"Concerta 36 mg logged"
Inter,Regular,SF Pro Regular,15,AUTO,0%,#E0443A,,1,"Clear Medication"
Inter,Semi Bold,SF Pro Semibold,15,AUTO,0%,#54B492,,1,"Save a copy of my journal — "
Inter,Semi Bold,SF Pro Semibold,15,AUTO,0%,#E0443A,,1,"Clear All Data"
Inter,Regular,SF Pro Regular,17,23px,0%,#54B492,Tiimo/Body/Body-17,1,"Save"
Inter,Semi Bold,SF Pro Semibold,17,22px,0%,#E0443A,Tiimo/Body/Title-17,1,"Delete recording"
Inter,Semi Bold,SF Pro Semibold,21,AUTO,0%,#54B492,,1,"‹"
Inter,Bold,SF Pro Bold,24,30px,0px,#41691F,Tiimo/Display/Title-24,1,"Okay"
Inter,Bold,SF Pro Bold,24,30px,0px,#2C6B3B,Tiimo/Display/Title-24,1,"Good"
Inter,Semi Bold,SF Pro Semibold,40,46px,0%,#1C1B1F,Tiimo/Display/Day-40,1,"Monday"
